Statistic Measure	Naive Bayes	Random Forest	SVM
Accuracy	0.9570000000000001	0.8799999999999999	0.951
Precision	0.9592187329162594	0.8591967778946674	0.9488214067404434
