Statistic Measure	Naive Bayes	Random Forest	SVM
Accuracy	0.9570000000000001	0.8950000000000001	0.951
Precision	0.9592187329162594	0.8715292324270513	0.9488214067404434
Recall	0.957024613858735	0.9053593003833642	0.9549909087056685
F-Measure	0.9560839899849622	0.8759912014323147	0.949827664717143
